NO;nama provinsi;nama kabupaten kota;jenis tempat hiburan;jumlah tempat hiburan;tahun
1;JAWA BARAT;KABUPATEN BOGOR;NIGHT CLUB;0;2014
2;JAWA BARAT;KABUPATEN BOGOR;PUB;0;2014
3;JAWA BARAT;KABUPATEN BOGOR;DISKOTIK;0;2014
4;JAWA BARAT;KABUPATEN BOGOR;KARAOKE/BAR;0;2014
5;JAWA BARAT;KABUPATEN BOGOR;PANTI PIJAT;43;2014
6;JAWA BARAT;KABUPATEN SUKABUMI;NIGHT CLUB;0;2014
7;JAWA BARAT;KABUPATEN SUKABUMI;PUB;0;2014
8;JAWA BARAT;KABUPATEN SUKABUMI;DISKOTIK;0;2014
9;JAWA BARAT;KABUPATEN SUKABUMI;KARAOKE/BAR;0;2014
10;JAWA BARAT;KABUPATEN SUKABUMI;PANTI PIJAT;0;2014
11;JAWA BARAT;KABUPATEN CIANJUR;NIGHT CLUB;0;2014
12;JAWA BARAT;KABUPATEN CIANJUR;PUB;0;2014
13;JAWA BARAT;KABUPATEN CIANJUR;DISKOTIK;2;2014
14;JAWA BARAT;KABUPATEN CIANJUR;KARAOKE/BAR;7;2014
15;JAWA BARAT;KABUPATEN CIANJUR;PANTI PIJAT;0;2014
16;JAWA BARAT;KABUPATEN BANDUNG;NIGHT CLUB;0;2014
17;JAWA BARAT;KABUPATEN BANDUNG;PUB;0;2014
18;JAWA BARAT;KABUPATEN BANDUNG;DISKOTIK;0;2014
19;JAWA BARAT;KABUPATEN BANDUNG;KARAOKE/BAR;1;2014
20;JAWA BARAT;KABUPATEN BANDUNG;PANTI PIJAT;0;2014
21;JAWA BARAT;KABUPATEN GARUT;NIGHT CLUB;0;2014
22;JAWA BARAT;KABUPATEN GARUT;PUB;0;2014
23;JAWA BARAT;KABUPATEN GARUT;DISKOTIK;0;2014
24;JAWA BARAT;KABUPATEN GARUT;KARAOKE/BAR;1;2014
25;JAWA BARAT;KABUPATEN GARUT;PANTI PIJAT;0;2014
26;JAWA BARAT;KABUPATEN TASIKMALAYA;NIGHT CLUB;0;2014
27;JAWA BARAT;KABUPATEN TASIKMALAYA;PUB;0;2014
28;JAWA BARAT;KABUPATEN TASIKMALAYA;DISKOTIK;0;2014
29;JAWA BARAT;KABUPATEN TASIKMALAYA;KARAOKE/BAR;0;2014
30;JAWA BARAT;KABUPATEN TASIKMALAYA;PANTI PIJAT;0;2014
31;JAWA BARAT;KABUPATEN CIAMIS;NIGHT CLUB;0;2014
32;JAWA BARAT;KABUPATEN CIAMIS;PUB;0;2014
33;JAWA BARAT;KABUPATEN CIAMIS;DISKOTIK;0;2014
34;JAWA BARAT;KABUPATEN CIAMIS;KARAOKE/BAR;0;2014
35;JAWA BARAT;KABUPATEN CIAMIS;PANTI PIJAT;0;2014
36;JAWA BARAT;KABUPATEN KUNINGAN;NIGHT CLUB;0;2014
37;JAWA BARAT;KABUPATEN KUNINGAN;PUB;0;2014
38;JAWA BARAT;KABUPATEN KUNINGAN;DISKOTIK;0;2014
39;JAWA BARAT;KABUPATEN KUNINGAN;KARAOKE/BAR;0;2014
40;JAWA BARAT;KABUPATEN KUNINGAN;PANTI PIJAT;0;2014
41;JAWA BARAT;KABUPATEN CIREBON;NIGHT CLUB;0;2014
42;JAWA BARAT;KABUPATEN CIREBON;PUB;1;2014
43;JAWA BARAT;KABUPATEN CIREBON;DISKOTIK;0;2014
44;JAWA BARAT;KABUPATEN CIREBON;KARAOKE/BAR;1;2014
45;JAWA BARAT;KABUPATEN CIREBON;PANTI PIJAT;0;2014
46;JAWA BARAT;KABUPATEN MAJALENGKA;NIGHT CLUB;0;2014
47;JAWA BARAT;KABUPATEN MAJALENGKA;PUB;0;2014
48;JAWA BARAT;KABUPATEN MAJALENGKA;DISKOTIK;1;2014
49;JAWA BARAT;KABUPATEN MAJALENGKA;KARAOKE/BAR;1;2014
50;JAWA BARAT;KABUPATEN MAJALENGKA;PANTI PIJAT;0;2014
51;JAWA BARAT;KABUPATEN SUMEDANG;NIGHT CLUB;0;2014
52;JAWA BARAT;KABUPATEN SUMEDANG;PUB;0;2014
53;JAWA BARAT;KABUPATEN SUMEDANG;DISKOTIK;0;2014
54;JAWA BARAT;KABUPATEN SUMEDANG;KARAOKE/BAR;0;2014
55;JAWA BARAT;KABUPATEN SUMEDANG;PANTI PIJAT;0;2014
56;JAWA BARAT;KABUPATEN INDRAMAYU;NIGHT CLUB;0;2014
57;JAWA BARAT;KABUPATEN INDRAMAYU;PUB;0;2014
58;JAWA BARAT;KABUPATEN INDRAMAYU;DISKOTIK;0;2014
59;JAWA BARAT;KABUPATEN INDRAMAYU;KARAOKE/BAR;0;2014
60;JAWA BARAT;KABUPATEN INDRAMAYU;PANTI PIJAT;0;2014
61;JAWA BARAT;KABUPATEN SUBANG;NIGHT CLUB;0;2014
62;JAWA BARAT;KABUPATEN SUBANG;PUB;0;2014
63;JAWA BARAT;KABUPATEN SUBANG;DISKOTIK;0;2014
64;JAWA BARAT;KABUPATEN SUBANG;KARAOKE/BAR;13;2014
65;JAWA BARAT;KABUPATEN SUBANG;PANTI PIJAT;0;2014
66;JAWA BARAT;KABUPATEN PURWAKARTA;NIGHT CLUB;0;2014
67;JAWA BARAT;KABUPATEN PURWAKARTA;PUB;0;2014
68;JAWA BARAT;KABUPATEN PURWAKARTA;DISKOTIK;0;2014
69;JAWA BARAT;KABUPATEN PURWAKARTA;KARAOKE/BAR;6;2014
70;JAWA BARAT;KABUPATEN PURWAKARTA;PANTI PIJAT;0;2014
71;JAWA BARAT;KABUPATEN KARAWANG;NIGHT CLUB;0;2014
72;JAWA BARAT;KABUPATEN KARAWANG;PUB;0;2014
73;JAWA BARAT;KABUPATEN KARAWANG;DISKOTIK;1;2014
74;JAWA BARAT;KABUPATEN KARAWANG;KARAOKE/BAR;8;2014
75;JAWA BARAT;KABUPATEN KARAWANG;PANTI PIJAT;0;2014
76;JAWA BARAT;KABUPATEN BEKASI;NIGHT CLUB;0;2014
77;JAWA BARAT;KABUPATEN BEKASI;PUB;1;2014
78;JAWA BARAT;KABUPATEN BEKASI;DISKOTIK;0;2014
79;JAWA BARAT;KABUPATEN BEKASI;KARAOKE/BAR;25;2014
80;JAWA BARAT;KABUPATEN BEKASI;PANTI PIJAT;7;2014
81;JAWA BARAT;KABUPATEN BANDUNG BARAT;NIGHT CLUB;0;2014
82;JAWA BARAT;KABUPATEN BANDUNG BARAT;PUB;0;2014
83;JAWA BARAT;KABUPATEN BANDUNG BARAT;DISKOTIK;0;2014
84;JAWA BARAT;KABUPATEN BANDUNG BARAT;KARAOKE/BAR;2;2014
85;JAWA BARAT;KABUPATEN BANDUNG BARAT;PANTI PIJAT;0;2014
86;JAWA BARAT;KABUPATEN PANGANDARAN;NIGHT CLUB;0;2014
87;JAWA BARAT;KABUPATEN PANGANDARAN;PUB;0;2014
88;JAWA BARAT;KABUPATEN PANGANDARAN;DISKOTIK;0;2014
89;JAWA BARAT;KABUPATEN PANGANDARAN;KARAOKE/BAR;0;2014
90;JAWA BARAT;KABUPATEN PANGANDARAN;PANTI PIJAT;0;2014
91;JAWA BARAT;KOTA BOGOR;NIGHT CLUB;0;2014
92;JAWA BARAT;KOTA BOGOR;PUB;0;2014
93;JAWA BARAT;KOTA BOGOR;DISKOTIK;0;2014
94;JAWA BARAT;KOTA BOGOR;KARAOKE/BAR;0;2014
95;JAWA BARAT;KOTA BOGOR;PANTI PIJAT;0;2014
96;JAWA BARAT;KOTA SUKABUMI;NIGHT CLUB;0;2014
97;JAWA BARAT;KOTA SUKABUMI;PUB;0;2014
98;JAWA BARAT;KOTA SUKABUMI;DISKOTIK;1;2014
99;JAWA BARAT;KOTA SUKABUMI;KARAOKE/BAR;11;2014
100;JAWA BARAT;KOTA SUKABUMI;PANTI PIJAT;0;2014
101;JAWA BARAT;KOTA BANDUNG;NIGHT CLUB;12;2014
102;JAWA BARAT;KOTA BANDUNG;PUB;19;2014
103;JAWA BARAT;KOTA BANDUNG;DISKOTIK;3;2014
104;JAWA BARAT;KOTA BANDUNG;KARAOKE/BAR;56;2014
105;JAWA BARAT;KOTA BANDUNG;PANTI PIJAT;29;2014
106;JAWA BARAT;KOTA CIREBON;NIGHT CLUB;1;2014
107;JAWA BARAT;KOTA CIREBON;PUB;0;2014
108;JAWA BARAT;KOTA CIREBON;DISKOTIK;0;2014
109;JAWA BARAT;KOTA CIREBON;KARAOKE/BAR;2;2014
110;JAWA BARAT;KOTA CIREBON;PANTI PIJAT;0;2014
111;JAWA BARAT;KOTA BEKASI;NIGHT CLUB;0;2014
112;JAWA BARAT;KOTA BEKASI;PUB;0;2014
113;JAWA BARAT;KOTA BEKASI;DISKOTIK;1;2014
114;JAWA BARAT;KOTA BEKASI;KARAOKE/BAR;3;2014
115;JAWA BARAT;KOTA BEKASI;PANTI PIJAT;0;2014
116;JAWA BARAT;KOTA DEPOK;NIGHT CLUB;0;2014
117;JAWA BARAT;KOTA DEPOK;PUB;0;2014
118;JAWA BARAT;KOTA DEPOK;DISKOTIK;0;2014
119;JAWA BARAT;KOTA DEPOK;KARAOKE/BAR;0;2014
120;JAWA BARAT;KOTA DEPOK;PANTI PIJAT;0;2014
121;JAWA BARAT;KOTA CIMAHI;NIGHT CLUB;0;2014
122;JAWA BARAT;KOTA CIMAHI;PUB;0;2014
123;JAWA BARAT;KOTA CIMAHI;DISKOTIK;0;2014
124;JAWA BARAT;KOTA CIMAHI;KARAOKE/BAR;0;2014
125;JAWA BARAT;KOTA CIMAHI;PANTI PIJAT;0;2014
126;JAWA BARAT;KOTA TASIKMALAYA;NIGHT CLUB;0;2014
127;JAWA BARAT;KOTA TASIKMALAYA;PUB;0;2014
128;JAWA BARAT;KOTA TASIKMALAYA;DISKOTIK;0;2014
129;JAWA BARAT;KOTA TASIKMALAYA;KARAOKE/BAR;5;2014
130;JAWA BARAT;KOTA TASIKMALAYA;PANTI PIJAT;0;2014
131;JAWA BARAT;KOTA BANJAR;NIGHT CLUB;0;2014
132;JAWA BARAT;KOTA BANJAR;PUB;0;2014
133;JAWA BARAT;KOTA BANJAR;DISKOTIK;0;2014
134;JAWA BARAT;KOTA BANJAR;KARAOKE/BAR;0;2014
135;JAWA BARAT;KOTA BANJAR;PANTI PIJAT;0;2014
136;JAWA BARAT;KABUPATEN BOGOR;NIGHT CLUB;0;2015
137;JAWA BARAT;KABUPATEN BOGOR;PUB;0;2015
138;JAWA BARAT;KABUPATEN BOGOR;DISKOTIK;0;2015
139;JAWA BARAT;KABUPATEN BOGOR;KARAOKE/BAR;0;2015
140;JAWA BARAT;KABUPATEN BOGOR;PANTI PIJAT;43;2015
141;JAWA BARAT;KABUPATEN SUKABUMI;NIGHT CLUB;0;2015
142;JAWA BARAT;KABUPATEN SUKABUMI;PUB;0;2015
143;JAWA BARAT;KABUPATEN SUKABUMI;DISKOTIK;0;2015
144;JAWA BARAT;KABUPATEN SUKABUMI;KARAOKE/BAR;0;2015
145;JAWA BARAT;KABUPATEN SUKABUMI;PANTI PIJAT;0;2015
146;JAWA BARAT;KABUPATEN CIANJUR;NIGHT CLUB;0;2015
147;JAWA BARAT;KABUPATEN CIANJUR;PUB;0;2015
148;JAWA BARAT;KABUPATEN CIANJUR;DISKOTIK;2;2015
149;JAWA BARAT;KABUPATEN CIANJUR;KARAOKE/BAR;8;2015
150;JAWA BARAT;KABUPATEN CIANJUR;PANTI PIJAT;0;2015
151;JAWA BARAT;KABUPATEN BANDUNG;NIGHT CLUB;0;2015
152;JAWA BARAT;KABUPATEN BANDUNG;PUB;0;2015
153;JAWA BARAT;KABUPATEN BANDUNG;DISKOTIK;0;2015
154;JAWA BARAT;KABUPATEN BANDUNG;KARAOKE/BAR;1;2015
155;JAWA BARAT;KABUPATEN BANDUNG;PANTI PIJAT;0;2015
156;JAWA BARAT;KABUPATEN GARUT;NIGHT CLUB;0;2015
157;JAWA BARAT;KABUPATEN GARUT;PUB;0;2015
158;JAWA BARAT;KABUPATEN GARUT;DISKOTIK;0;2015
159;JAWA BARAT;KABUPATEN GARUT;KARAOKE/BAR;1;2015
160;JAWA BARAT;KABUPATEN GARUT;PANTI PIJAT;0;2015
161;JAWA BARAT;KABUPATEN TASIKMALAYA;NIGHT CLUB;0;2015
162;JAWA BARAT;KABUPATEN TASIKMALAYA;PUB;0;2015
163;JAWA BARAT;KABUPATEN TASIKMALAYA;DISKOTIK;0;2015
164;JAWA BARAT;KABUPATEN TASIKMALAYA;KARAOKE/BAR;0;2015
165;JAWA BARAT;KABUPATEN TASIKMALAYA;PANTI PIJAT;0;2015
166;JAWA BARAT;KABUPATEN CIAMIS;NIGHT CLUB;0;2015
167;JAWA BARAT;KABUPATEN CIAMIS;PUB;0;2015
168;JAWA BARAT;KABUPATEN CIAMIS;DISKOTIK;0;2015
169;JAWA BARAT;KABUPATEN CIAMIS;KARAOKE/BAR;0;2015
170;JAWA BARAT;KABUPATEN CIAMIS;PANTI PIJAT;0;2015
171;JAWA BARAT;KABUPATEN KUNINGAN;NIGHT CLUB;0;2015
172;JAWA BARAT;KABUPATEN KUNINGAN;PUB;0;2015
173;JAWA BARAT;KABUPATEN KUNINGAN;DISKOTIK;0;2015
174;JAWA BARAT;KABUPATEN KUNINGAN;KARAOKE/BAR;0;2015
175;JAWA BARAT;KABUPATEN KUNINGAN;PANTI PIJAT;0;2015
176;JAWA BARAT;KABUPATEN CIREBON;NIGHT CLUB;0;2015
177;JAWA BARAT;KABUPATEN CIREBON;PUB;1;2015
178;JAWA BARAT;KABUPATEN CIREBON;DISKOTIK;0;2015
179;JAWA BARAT;KABUPATEN CIREBON;KARAOKE/BAR;1;2015
180;JAWA BARAT;KABUPATEN CIREBON;PANTI PIJAT;0;2015
181;JAWA BARAT;KABUPATEN MAJALENGKA;NIGHT CLUB;0;2015
182;JAWA BARAT;KABUPATEN MAJALENGKA;PUB;0;2015
183;JAWA BARAT;KABUPATEN MAJALENGKA;DISKOTIK;1;2015
184;JAWA BARAT;KABUPATEN MAJALENGKA;KARAOKE/BAR;1;2015
185;JAWA BARAT;KABUPATEN MAJALENGKA;PANTI PIJAT;0;2015
186;JAWA BARAT;KABUPATEN SUMEDANG;NIGHT CLUB;0;2015
187;JAWA BARAT;KABUPATEN SUMEDANG;PUB;0;2015
188;JAWA BARAT;KABUPATEN SUMEDANG;DISKOTIK;0;2015
189;JAWA BARAT;KABUPATEN SUMEDANG;KARAOKE/BAR;0;2015
190;JAWA BARAT;KABUPATEN SUMEDANG;PANTI PIJAT;0;2015
191;JAWA BARAT;KABUPATEN INDRAMAYU;NIGHT CLUB;0;2015
192;JAWA BARAT;KABUPATEN INDRAMAYU;PUB;0;2015
193;JAWA BARAT;KABUPATEN INDRAMAYU;DISKOTIK;0;2015
194;JAWA BARAT;KABUPATEN INDRAMAYU;KARAOKE/BAR;0;2015
195;JAWA BARAT;KABUPATEN INDRAMAYU;PANTI PIJAT;0;2015
196;JAWA BARAT;KABUPATEN SUBANG;NIGHT CLUB;0;2015
197;JAWA BARAT;KABUPATEN SUBANG;PUB;0;2015
198;JAWA BARAT;KABUPATEN SUBANG;DISKOTIK;0;2015
199;JAWA BARAT;KABUPATEN SUBANG;KARAOKE/BAR;13;2015
200;JAWA BARAT;KABUPATEN SUBANG;PANTI PIJAT;0;2015
201;JAWA BARAT;KABUPATEN PURWAKARTA;NIGHT CLUB;0;2015
202;JAWA BARAT;KABUPATEN PURWAKARTA;PUB;0;2015
203;JAWA BARAT;KABUPATEN PURWAKARTA;DISKOTIK;0;2015
204;JAWA BARAT;KABUPATEN PURWAKARTA;KARAOKE/BAR;7;2015
205;JAWA BARAT;KABUPATEN PURWAKARTA;PANTI PIJAT;0;2015
206;JAWA BARAT;KABUPATEN KARAWANG;NIGHT CLUB;1;2015
207;JAWA BARAT;KABUPATEN KARAWANG;PUB;1;2015
208;JAWA BARAT;KABUPATEN KARAWANG;DISKOTIK;0;2015
209;JAWA BARAT;KABUPATEN KARAWANG;KARAOKE/BAR;16;2015
210;JAWA BARAT;KABUPATEN KARAWANG;PANTI PIJAT;0;2015
211;JAWA BARAT;KABUPATEN BEKASI;NIGHT CLUB;0;2015
212;JAWA BARAT;KABUPATEN BEKASI;PUB;1;2015
213;JAWA BARAT;KABUPATEN BEKASI;DISKOTIK;0;2015
214;JAWA BARAT;KABUPATEN BEKASI;KARAOKE/BAR;25;2015
215;JAWA BARAT;KABUPATEN BEKASI;PANTI PIJAT;7;2015
216;JAWA BARAT;KABUPATEN BANDUNG BARAT;NIGHT CLUB;0;2015
217;JAWA BARAT;KABUPATEN BANDUNG BARAT;PUB;0;2015
218;JAWA BARAT;KABUPATEN BANDUNG BARAT;DISKOTIK;0;2015
219;JAWA BARAT;KABUPATEN BANDUNG BARAT;KARAOKE/BAR;2;2015
220;JAWA BARAT;KABUPATEN BANDUNG BARAT;PANTI PIJAT;0;2015
221;JAWA BARAT;KABUPATEN PANGANDARAN;NIGHT CLUB;0;2015
222;JAWA BARAT;KABUPATEN PANGANDARAN;PUB;0;2015
223;JAWA BARAT;KABUPATEN PANGANDARAN;DISKOTIK;0;2015
224;JAWA BARAT;KABUPATEN PANGANDARAN;KARAOKE/BAR;0;2015
225;JAWA BARAT;KABUPATEN PANGANDARAN;PANTI PIJAT;0;2015
226;JAWA BARAT;KOTA BOGOR;NIGHT CLUB;0;2015
227;JAWA BARAT;KOTA BOGOR;PUB;0;2015
228;JAWA BARAT;KOTA BOGOR;DISKOTIK;0;2015
229;JAWA BARAT;KOTA BOGOR;KARAOKE/BAR;0;2015
230;JAWA BARAT;KOTA BOGOR;PANTI PIJAT;0;2015
231;JAWA BARAT;KOTA SUKABUMI;NIGHT CLUB;0;2015
232;JAWA BARAT;KOTA SUKABUMI;PUB;0;2015
233;JAWA BARAT;KOTA SUKABUMI;DISKOTIK;1;2015
234;JAWA BARAT;KOTA SUKABUMI;KARAOKE/BAR;10;2015
235;JAWA BARAT;KOTA SUKABUMI;PANTI PIJAT;0;2015
236;JAWA BARAT;KOTA BANDUNG;NIGHT CLUB;12;2015
237;JAWA BARAT;KOTA BANDUNG;PUB;19;2015
238;JAWA BARAT;KOTA BANDUNG;DISKOTIK;3;2015
239;JAWA BARAT;KOTA BANDUNG;KARAOKE/BAR;56;2015
240;JAWA BARAT;KOTA BANDUNG;PANTI PIJAT;29;2015
241;JAWA BARAT;KOTA CIREBON;NIGHT CLUB;1;2015
242;JAWA BARAT;KOTA CIREBON;PUB;0;2015
243;JAWA BARAT;KOTA CIREBON;DISKOTIK;0;2015
244;JAWA BARAT;KOTA CIREBON;KARAOKE/BAR;2;2015
245;JAWA BARAT;KOTA CIREBON;PANTI PIJAT;0;2015
246;JAWA BARAT;KOTA BEKASI;NIGHT CLUB;0;2015
247;JAWA BARAT;KOTA BEKASI;PUB;0;2015
248;JAWA BARAT;KOTA BEKASI;DISKOTIK;1;2015
249;JAWA BARAT;KOTA BEKASI;KARAOKE/BAR;3;2015
250;JAWA BARAT;KOTA BEKASI;PANTI PIJAT;0;2015
251;JAWA BARAT;KOTA DEPOK;NIGHT CLUB;0;2015
252;JAWA BARAT;KOTA DEPOK;PUB;0;2015
253;JAWA BARAT;KOTA DEPOK;DISKOTIK;0;2015
254;JAWA BARAT;KOTA DEPOK;KARAOKE/BAR;0;2015
255;JAWA BARAT;KOTA DEPOK;PANTI PIJAT;0;2015
256;JAWA BARAT;KOTA CIMAHI;NIGHT CLUB;0;2015
257;JAWA BARAT;KOTA CIMAHI;PUB;0;2015
258;JAWA BARAT;KOTA CIMAHI;DISKOTIK;0;2015
259;JAWA BARAT;KOTA CIMAHI;KARAOKE/BAR;0;2015
260;JAWA BARAT;KOTA CIMAHI;PANTI PIJAT;0;2015
261;JAWA BARAT;KOTA TASIKMALAYA;NIGHT CLUB;0;2015
262;JAWA BARAT;KOTA TASIKMALAYA;PUB;0;2015
263;JAWA BARAT;KOTA TASIKMALAYA;DISKOTIK;0;2015
264;JAWA BARAT;KOTA TASIKMALAYA;KARAOKE/BAR;5;2015
265;JAWA BARAT;KOTA TASIKMALAYA;PANTI PIJAT;0;2015
266;JAWA BARAT;KOTA BANJAR;NIGHT CLUB;0;2015
267;JAWA BARAT;KOTA BANJAR;PUB;0;2015
268;JAWA BARAT;KOTA BANJAR;DISKOTIK;0;2015
269;JAWA BARAT;KOTA BANJAR;KARAOKE/BAR;0;2015
270;JAWA BARAT;KOTA BANJAR;PANTI PIJAT;0;2015
271;JAWA BARAT;KABUPATEN BOGOR;NIGHT CLUB;0;2016
272;JAWA BARAT;KABUPATEN BOGOR;PUB;0;2016
273;JAWA BARAT;KABUPATEN BOGOR;DISKOTIK;0;2016
274;JAWA BARAT;KABUPATEN BOGOR;KARAOKE/BAR;0;2016
275;JAWA BARAT;KABUPATEN BOGOR;PANTI PIJAT;43;2016
276;JAWA BARAT;KABUPATEN SUKABUMI;NIGHT CLUB;0;2016
277;JAWA BARAT;KABUPATEN SUKABUMI;PUB;0;2016
278;JAWA BARAT;KABUPATEN SUKABUMI;DISKOTIK;0;2016
279;JAWA BARAT;KABUPATEN SUKABUMI;KARAOKE/BAR;0;2016
280;JAWA BARAT;KABUPATEN SUKABUMI;PANTI PIJAT;0;2016
281;JAWA BARAT;KABUPATEN CIANJUR;NIGHT CLUB;0;2016
282;JAWA BARAT;KABUPATEN CIANJUR;PUB;0;2016
283;JAWA BARAT;KABUPATEN CIANJUR;DISKOTIK;2;2016
284;JAWA BARAT;KABUPATEN CIANJUR;KARAOKE/BAR;8;2016
285;JAWA BARAT;KABUPATEN CIANJUR;PANTI PIJAT;0;2016
286;JAWA BARAT;KABUPATEN BANDUNG;NIGHT CLUB;0;2016
287;JAWA BARAT;KABUPATEN BANDUNG;PUB;0;2016
288;JAWA BARAT;KABUPATEN BANDUNG;DISKOTIK;0;2016
289;JAWA BARAT;KABUPATEN BANDUNG;KARAOKE/BAR;1;2016
290;JAWA BARAT;KABUPATEN BANDUNG;PANTI PIJAT;0;2016
291;JAWA BARAT;KABUPATEN GARUT;NIGHT CLUB;0;2016
292;JAWA BARAT;KABUPATEN GARUT;PUB;0;2016
293;JAWA BARAT;KABUPATEN GARUT;DISKOTIK;0;2016
294;JAWA BARAT;KABUPATEN GARUT;KARAOKE/BAR;1;2016
295;JAWA BARAT;KABUPATEN GARUT;PANTI PIJAT;0;2016
296;JAWA BARAT;KABUPATEN TASIKMALAYA;NIGHT CLUB;0;2016
297;JAWA BARAT;KABUPATEN TASIKMALAYA;PUB;0;2016
298;JAWA BARAT;KABUPATEN TASIKMALAYA;DISKOTIK;0;2016
299;JAWA BARAT;KABUPATEN TASIKMALAYA;KARAOKE/BAR;0;2016
300;JAWA BARAT;KABUPATEN TASIKMALAYA;PANTI PIJAT;0;2016
301;JAWA BARAT;KABUPATEN CIAMIS;NIGHT CLUB;0;2016
302;JAWA BARAT;KABUPATEN CIAMIS;PUB;0;2016
303;JAWA BARAT;KABUPATEN CIAMIS;DISKOTIK;0;2016
304;JAWA BARAT;KABUPATEN CIAMIS;KARAOKE/BAR;3;2016
305;JAWA BARAT;KABUPATEN CIAMIS;PANTI PIJAT;0;2016
306;JAWA BARAT;KABUPATEN KUNINGAN;NIGHT CLUB;0;2016
307;JAWA BARAT;KABUPATEN KUNINGAN;PUB;0;2016
308;JAWA BARAT;KABUPATEN KUNINGAN;DISKOTIK;0;2016
309;JAWA BARAT;KABUPATEN KUNINGAN;KARAOKE/BAR;0;2016
310;JAWA BARAT;KABUPATEN KUNINGAN;PANTI PIJAT;0;2016
311;JAWA BARAT;KABUPATEN CIREBON;NIGHT CLUB;0;2016
312;JAWA BARAT;KABUPATEN CIREBON;PUB;1;2016
313;JAWA BARAT;KABUPATEN CIREBON;DISKOTIK;0;2016
314;JAWA BARAT;KABUPATEN CIREBON;KARAOKE/BAR;1;2016
315;JAWA BARAT;KABUPATEN CIREBON;PANTI PIJAT;0;2016
316;JAWA BARAT;KABUPATEN MAJALENGKA;NIGHT CLUB;0;2016
317;JAWA BARAT;KABUPATEN MAJALENGKA;PUB;0;2016
318;JAWA BARAT;KABUPATEN MAJALENGKA;DISKOTIK;1;2016
319;JAWA BARAT;KABUPATEN MAJALENGKA;KARAOKE/BAR;1;2016
320;JAWA BARAT;KABUPATEN MAJALENGKA;PANTI PIJAT;0;2016
321;JAWA BARAT;KABUPATEN SUMEDANG;NIGHT CLUB;0;2016
322;JAWA BARAT;KABUPATEN SUMEDANG;PUB;0;2016
323;JAWA BARAT;KABUPATEN SUMEDANG;DISKOTIK;0;2016
324;JAWA BARAT;KABUPATEN SUMEDANG;KARAOKE/BAR;3;2016
325;JAWA BARAT;KABUPATEN SUMEDANG;PANTI PIJAT;0;2016
326;JAWA BARAT;KABUPATEN INDRAMAYU;NIGHT CLUB;0;2016
327;JAWA BARAT;KABUPATEN INDRAMAYU;PUB;0;2016
328;JAWA BARAT;KABUPATEN INDRAMAYU;DISKOTIK;0;2016
329;JAWA BARAT;KABUPATEN INDRAMAYU;KARAOKE/BAR;2;2016
330;JAWA BARAT;KABUPATEN INDRAMAYU;PANTI PIJAT;0;2016
331;JAWA BARAT;KABUPATEN SUBANG;NIGHT CLUB;0;2016
332;JAWA BARAT;KABUPATEN SUBANG;PUB;0;2016
333;JAWA BARAT;KABUPATEN SUBANG;DISKOTIK;0;2016
334;JAWA BARAT;KABUPATEN SUBANG;KARAOKE/BAR;17;2016
335;JAWA BARAT;KABUPATEN SUBANG;PANTI PIJAT;1;2016
336;JAWA BARAT;KABUPATEN PURWAKARTA;NIGHT CLUB;0;2016
337;JAWA BARAT;KABUPATEN PURWAKARTA;PUB;0;2016
338;JAWA BARAT;KABUPATEN PURWAKARTA;DISKOTIK;0;2016
339;JAWA BARAT;KABUPATEN PURWAKARTA;KARAOKE/BAR;8;2016
340;JAWA BARAT;KABUPATEN PURWAKARTA;PANTI PIJAT;0;2016
341;JAWA BARAT;KABUPATEN KARAWANG;NIGHT CLUB;0;2016
342;JAWA BARAT;KABUPATEN KARAWANG;PUB;0;2016
343;JAWA BARAT;KABUPATEN KARAWANG;DISKOTIK;0;2016
344;JAWA BARAT;KABUPATEN KARAWANG;KARAOKE/BAR;13;2016
345;JAWA BARAT;KABUPATEN KARAWANG;PANTI PIJAT;8;2016
346;JAWA BARAT;KABUPATEN BEKASI;NIGHT CLUB;0;2016
347;JAWA BARAT;KABUPATEN BEKASI;PUB;1;2016
348;JAWA BARAT;KABUPATEN BEKASI;DISKOTIK;0;2016
349;JAWA BARAT;KABUPATEN BEKASI;KARAOKE/BAR;25;2016
350;JAWA BARAT;KABUPATEN BEKASI;PANTI PIJAT;7;2016
351;JAWA BARAT;KABUPATEN BANDUNG BARAT;NIGHT CLUB;0;2016
352;JAWA BARAT;KABUPATEN BANDUNG BARAT;PUB;0;2016
353;JAWA BARAT;KABUPATEN BANDUNG BARAT;DISKOTIK;0;2016
354;JAWA BARAT;KABUPATEN BANDUNG BARAT;KARAOKE/BAR;2;2016
355;JAWA BARAT;KABUPATEN BANDUNG BARAT;PANTI PIJAT;0;2016
356;JAWA BARAT;KABUPATEN PANGANDARAN;NIGHT CLUB;0;2016
357;JAWA BARAT;KABUPATEN PANGANDARAN;PUB;0;2016
358;JAWA BARAT;KABUPATEN PANGANDARAN;DISKOTIK;0;2016
359;JAWA BARAT;KABUPATEN PANGANDARAN;KARAOKE/BAR;0;2016
360;JAWA BARAT;KABUPATEN PANGANDARAN;PANTI PIJAT;0;2016
361;JAWA BARAT;KOTA BOGOR;NIGHT CLUB;0;2016
362;JAWA BARAT;KOTA BOGOR;PUB;0;2016
363;JAWA BARAT;KOTA BOGOR;DISKOTIK;0;2016
364;JAWA BARAT;KOTA BOGOR;KARAOKE/BAR;7;2016
365;JAWA BARAT;KOTA BOGOR;PANTI PIJAT;0;2016
366;JAWA BARAT;KOTA SUKABUMI;NIGHT CLUB;0;2016
367;JAWA BARAT;KOTA SUKABUMI;PUB;0;2016
368;JAWA BARAT;KOTA SUKABUMI;DISKOTIK;1;2016
369;JAWA BARAT;KOTA SUKABUMI;KARAOKE/BAR;8;2016
370;JAWA BARAT;KOTA SUKABUMI;PANTI PIJAT;0;2016
371;JAWA BARAT;KOTA BANDUNG;NIGHT CLUB;6;2016
372;JAWA BARAT;KOTA BANDUNG;PUB;98;2016
373;JAWA BARAT;KOTA BANDUNG;DISKOTIK;2;2016
374;JAWA BARAT;KOTA BANDUNG;KARAOKE/BAR;20;2016
375;JAWA BARAT;KOTA BANDUNG;PANTI PIJAT;33;2016
376;JAWA BARAT;KOTA CIREBON;NIGHT CLUB;0;2016
377;JAWA BARAT;KOTA CIREBON;PUB;0;2016
378;JAWA BARAT;KOTA CIREBON;DISKOTIK;0;2016
379;JAWA BARAT;KOTA CIREBON;KARAOKE/BAR;9;2016
380;JAWA BARAT;KOTA CIREBON;PANTI PIJAT;5;2016
381;JAWA BARAT;KOTA BEKASI;NIGHT CLUB;0;2016
382;JAWA BARAT;KOTA BEKASI;PUB;0;2016
383;JAWA BARAT;KOTA BEKASI;DISKOTIK;1;2016
384;JAWA BARAT;KOTA BEKASI;KARAOKE/BAR;3;2016
385;JAWA BARAT;KOTA BEKASI;PANTI PIJAT;0;2016
386;JAWA BARAT;KOTA DEPOK;NIGHT CLUB;0;2016
387;JAWA BARAT;KOTA DEPOK;PUB;0;2016
388;JAWA BARAT;KOTA DEPOK;DISKOTIK;0;2016
389;JAWA BARAT;KOTA DEPOK;KARAOKE/BAR;4;2016
390;JAWA BARAT;KOTA DEPOK;PANTI PIJAT;0;2016
391;JAWA BARAT;KOTA CIMAHI;NIGHT CLUB;0;2016
392;JAWA BARAT;KOTA CIMAHI;PUB;0;2016
393;JAWA BARAT;KOTA CIMAHI;DISKOTIK;0;2016
394;JAWA BARAT;KOTA CIMAHI;KARAOKE/BAR;0;2016
395;JAWA BARAT;KOTA CIMAHI;PANTI PIJAT;0;2016
396;JAWA BARAT;KOTA TASIKMALAYA;NIGHT CLUB;0;2016
397;JAWA BARAT;KOTA TASIKMALAYA;PUB;0;2016
398;JAWA BARAT;KOTA TASIKMALAYA;DISKOTIK;0;2016
399;JAWA BARAT;KOTA TASIKMALAYA;KARAOKE/BAR;3;2016
400;JAWA BARAT;KOTA TASIKMALAYA;PANTI PIJAT;0;2016
401;JAWA BARAT;KOTA BANJAR;NIGHT CLUB;0;2016
402;JAWA BARAT;KOTA BANJAR;PUB;0;2016
403;JAWA BARAT;KOTA BANJAR;DISKOTIK;0;2016
404;JAWA BARAT;KOTA BANJAR;KARAOKE/BAR;0;2016
405;JAWA BARAT;KOTA BANJAR;PANTI PIJAT;0;2016
406;JAWA BARAT;KABUPATEN BOGOR;NIGHT CLUB;0;2017
407;JAWA BARAT;KABUPATEN BOGOR;PUB;0;2017
408;JAWA BARAT;KABUPATEN BOGOR;DISKOTIK;0;2017
409;JAWA BARAT;KABUPATEN BOGOR;KARAOKE/BAR;0;2017
410;JAWA BARAT;KABUPATEN BOGOR;PANTI PIJAT;43;2017
411;JAWA BARAT;KABUPATEN SUKABUMI;NIGHT CLUB;0;2017
412;JAWA BARAT;KABUPATEN SUKABUMI;PUB;0;2017
413;JAWA BARAT;KABUPATEN SUKABUMI;DISKOTIK;0;2017
414;JAWA BARAT;KABUPATEN SUKABUMI;KARAOKE/BAR;0;2017
415;JAWA BARAT;KABUPATEN SUKABUMI;PANTI PIJAT;0;2017
416;JAWA BARAT;KABUPATEN CIANJUR;NIGHT CLUB;0;2017
417;JAWA BARAT;KABUPATEN CIANJUR;PUB;0;2017
418;JAWA BARAT;KABUPATEN CIANJUR;DISKOTIK;2;2017
419;JAWA BARAT;KABUPATEN CIANJUR;KARAOKE/BAR;8;2017
420;JAWA BARAT;KABUPATEN CIANJUR;PANTI PIJAT;0;2017
421;JAWA BARAT;KABUPATEN BANDUNG;NIGHT CLUB;0;2017
422;JAWA BARAT;KABUPATEN BANDUNG;PUB;0;2017
423;JAWA BARAT;KABUPATEN BANDUNG;DISKOTIK;0;2017
424;JAWA BARAT;KABUPATEN BANDUNG;KARAOKE/BAR;1;2017
425;JAWA BARAT;KABUPATEN BANDUNG;PANTI PIJAT;0;2017
426;JAWA BARAT;KABUPATEN GARUT;NIGHT CLUB;0;2017
427;JAWA BARAT;KABUPATEN GARUT;PUB;0;2017
428;JAWA BARAT;KABUPATEN GARUT;DISKOTIK;0;2017
429;JAWA BARAT;KABUPATEN GARUT;KARAOKE/BAR;1;2017
430;JAWA BARAT;KABUPATEN GARUT;PANTI PIJAT;0;2017
431;JAWA BARAT;KABUPATEN TASIKMALAYA;NIGHT CLUB;0;2017
432;JAWA BARAT;KABUPATEN TASIKMALAYA;PUB;0;2017
433;JAWA BARAT;KABUPATEN TASIKMALAYA;DISKOTIK;0;2017
434;JAWA BARAT;KABUPATEN TASIKMALAYA;KARAOKE/BAR;0;2017
435;JAWA BARAT;KABUPATEN TASIKMALAYA;PANTI PIJAT;0;2017
436;JAWA BARAT;KABUPATEN CIAMIS;NIGHT CLUB;0;2017
437;JAWA BARAT;KABUPATEN CIAMIS;PUB;0;2017
438;JAWA BARAT;KABUPATEN CIAMIS;DISKOTIK;0;2017
439;JAWA BARAT;KABUPATEN CIAMIS;KARAOKE/BAR;3;2017
440;JAWA BARAT;KABUPATEN CIAMIS;PANTI PIJAT;0;2017
441;JAWA BARAT;KABUPATEN KUNINGAN;NIGHT CLUB;0;2017
442;JAWA BARAT;KABUPATEN KUNINGAN;PUB;0;2017
443;JAWA BARAT;KABUPATEN KUNINGAN;DISKOTIK;0;2017
444;JAWA BARAT;KABUPATEN KUNINGAN;KARAOKE/BAR;0;2017
445;JAWA BARAT;KABUPATEN KUNINGAN;PANTI PIJAT;0;2017
446;JAWA BARAT;KABUPATEN CIREBON;NIGHT CLUB;0;2017
447;JAWA BARAT;KABUPATEN CIREBON;PUB;1;2017
448;JAWA BARAT;KABUPATEN CIREBON;DISKOTIK;0;2017
449;JAWA BARAT;KABUPATEN CIREBON;KARAOKE/BAR;1;2017
450;JAWA BARAT;KABUPATEN CIREBON;PANTI PIJAT;0;2017
451;JAWA BARAT;KABUPATEN MAJALENGKA;NIGHT CLUB;0;2017
452;JAWA BARAT;KABUPATEN MAJALENGKA;PUB;0;2017
453;JAWA BARAT;KABUPATEN MAJALENGKA;DISKOTIK;1;2017
454;JAWA BARAT;KABUPATEN MAJALENGKA;KARAOKE/BAR;1;2017
455;JAWA BARAT;KABUPATEN MAJALENGKA;PANTI PIJAT;0;2017
456;JAWA BARAT;KABUPATEN SUMEDANG;NIGHT CLUB;0;2017
457;JAWA BARAT;KABUPATEN SUMEDANG;PUB;0;2017
458;JAWA BARAT;KABUPATEN SUMEDANG;DISKOTIK;0;2017
459;JAWA BARAT;KABUPATEN SUMEDANG;KARAOKE/BAR;3;2017
460;JAWA BARAT;KABUPATEN SUMEDANG;PANTI PIJAT;0;2017
461;JAWA BARAT;KABUPATEN INDRAMAYU;NIGHT CLUB;0;2017
462;JAWA BARAT;KABUPATEN INDRAMAYU;PUB;0;2017
463;JAWA BARAT;KABUPATEN INDRAMAYU;DISKOTIK;0;2017
464;JAWA BARAT;KABUPATEN INDRAMAYU;KARAOKE/BAR;2;2017
465;JAWA BARAT;KABUPATEN INDRAMAYU;PANTI PIJAT;0;2017
466;JAWA BARAT;KABUPATEN SUBANG;NIGHT CLUB;0;2017
467;JAWA BARAT;KABUPATEN SUBANG;PUB;0;2017
468;JAWA BARAT;KABUPATEN SUBANG;DISKOTIK;0;2017
469;JAWA BARAT;KABUPATEN SUBANG;KARAOKE/BAR;17;2017
470;JAWA BARAT;KABUPATEN SUBANG;PANTI PIJAT;1;2017
471;JAWA BARAT;KABUPATEN PURWAKARTA;NIGHT CLUB;0;2017
472;JAWA BARAT;KABUPATEN PURWAKARTA;PUB;0;2017
473;JAWA BARAT;KABUPATEN PURWAKARTA;DISKOTIK;0;2017
474;JAWA BARAT;KABUPATEN PURWAKARTA;KARAOKE/BAR;8;2017
475;JAWA BARAT;KABUPATEN PURWAKARTA;PANTI PIJAT;0;2017
476;JAWA BARAT;KABUPATEN KARAWANG;NIGHT CLUB;0;2017
477;JAWA BARAT;KABUPATEN KARAWANG;PUB;0;2017
478;JAWA BARAT;KABUPATEN KARAWANG;DISKOTIK;0;2017
479;JAWA BARAT;KABUPATEN KARAWANG;KARAOKE/BAR;15;2017
480;JAWA BARAT;KABUPATEN KARAWANG;PANTI PIJAT;10;2017
481;JAWA BARAT;KABUPATEN BEKASI;NIGHT CLUB;0;2017
482;JAWA BARAT;KABUPATEN BEKASI;PUB;1;2017
483;JAWA BARAT;KABUPATEN BEKASI;DISKOTIK;0;2017
484;JAWA BARAT;KABUPATEN BEKASI;KARAOKE/BAR;25;2017
485;JAWA BARAT;KABUPATEN BEKASI;PANTI PIJAT;7;2017
486;JAWA BARAT;KABUPATEN BANDUNG BARAT;NIGHT CLUB;0;2017
487;JAWA BARAT;KABUPATEN BANDUNG BARAT;PUB;0;2017
488;JAWA BARAT;KABUPATEN BANDUNG BARAT;DISKOTIK;0;2017
489;JAWA BARAT;KABUPATEN BANDUNG BARAT;KARAOKE/BAR;2;2017
490;JAWA BARAT;KABUPATEN BANDUNG BARAT;PANTI PIJAT;0;2017
491;JAWA BARAT;KABUPATEN PANGANDARAN;NIGHT CLUB;0;2017
492;JAWA BARAT;KABUPATEN PANGANDARAN;PUB;0;2017
493;JAWA BARAT;KABUPATEN PANGANDARAN;DISKOTIK;0;2017
494;JAWA BARAT;KABUPATEN PANGANDARAN;KARAOKE/BAR;2;2017
495;JAWA BARAT;KABUPATEN PANGANDARAN;PANTI PIJAT;5;2017
496;JAWA BARAT;KOTA BOGOR;NIGHT CLUB;0;2017
497;JAWA BARAT;KOTA BOGOR;PUB;0;2017
498;JAWA BARAT;KOTA BOGOR;DISKOTIK;0;2017
499;JAWA BARAT;KOTA BOGOR;KARAOKE/BAR;7;2017
500;JAWA BARAT;KOTA BOGOR;PANTI PIJAT;0;2017
501;JAWA BARAT;KOTA SUKABUMI;NIGHT CLUB;0;2017
502;JAWA BARAT;KOTA SUKABUMI;PUB;0;2017
503;JAWA BARAT;KOTA SUKABUMI;DISKOTIK;1;2017
504;JAWA BARAT;KOTA SUKABUMI;KARAOKE/BAR;8;2017
505;JAWA BARAT;KOTA SUKABUMI;PANTI PIJAT;0;2017
506;JAWA BARAT;KOTA BANDUNG;NIGHT CLUB;6;2017
507;JAWA BARAT;KOTA BANDUNG;PUB;98;2017
508;JAWA BARAT;KOTA BANDUNG;DISKOTIK;2;2017
509;JAWA BARAT;KOTA BANDUNG;KARAOKE/BAR;20;2017
510;JAWA BARAT;KOTA BANDUNG;PANTI PIJAT;33;2017
511;JAWA BARAT;KOTA CIREBON;NIGHT CLUB;0;2017
512;JAWA BARAT;KOTA CIREBON;PUB;3;2017
513;JAWA BARAT;KOTA CIREBON;DISKOTIK;0;2017
514;JAWA BARAT;KOTA CIREBON;KARAOKE/BAR;13;2017
515;JAWA BARAT;KOTA CIREBON;PANTI PIJAT;9;2017
516;JAWA BARAT;KOTA BEKASI;NIGHT CLUB;0;2017
517;JAWA BARAT;KOTA BEKASI;PUB;0;2017
518;JAWA BARAT;KOTA BEKASI;DISKOTIK;1;2017
519;JAWA BARAT;KOTA BEKASI;KARAOKE/BAR;3;2017
520;JAWA BARAT;KOTA BEKASI;PANTI PIJAT;0;2017
521;JAWA BARAT;KOTA DEPOK;NIGHT CLUB;0;2017
522;JAWA BARAT;KOTA DEPOK;PUB;0;2017
523;JAWA BARAT;KOTA DEPOK;DISKOTIK;0;2017
524;JAWA BARAT;KOTA DEPOK;KARAOKE/BAR;4;2017
525;JAWA BARAT;KOTA DEPOK;PANTI PIJAT;0;2017
526;JAWA BARAT;KOTA CIMAHI;NIGHT CLUB;0;2017
527;JAWA BARAT;KOTA CIMAHI;PUB;0;2017
528;JAWA BARAT;KOTA CIMAHI;DISKOTIK;0;2017
529;JAWA BARAT;KOTA CIMAHI;KARAOKE/BAR;0;2017
530;JAWA BARAT;KOTA CIMAHI;PANTI PIJAT;0;2017
531;JAWA BARAT;KOTA TASIKMALAYA;NIGHT CLUB;0;2017
532;JAWA BARAT;KOTA TASIKMALAYA;PUB;0;2017
533;JAWA BARAT;KOTA TASIKMALAYA;DISKOTIK;0;2017
534;JAWA BARAT;KOTA TASIKMALAYA;KARAOKE/BAR;3;2017
535;JAWA BARAT;KOTA TASIKMALAYA;PANTI PIJAT;0;2017
536;JAWA BARAT;KOTA BANJAR;NIGHT CLUB;0;2017
537;JAWA BARAT;KOTA BANJAR;PUB;0;2017
538;JAWA BARAT;KOTA BANJAR;DISKOTIK;0;2017
539;JAWA BARAT;KOTA BANJAR;KARAOKE/BAR;0;2017
540;JAWA BARAT;KOTA BANJAR;PANTI PIJAT;0;2017
541;JAWA BARAT;KABUPATEN BOGOR;NIGHT CLUB;0;2018
542;JAWA BARAT;KABUPATEN BOGOR;PUB;0;2018
543;JAWA BARAT;KABUPATEN BOGOR;DISKOTIK;0;2018
544;JAWA BARAT;KABUPATEN BOGOR;KARAOKE/BAR;0;2018
545;JAWA BARAT;KABUPATEN BOGOR;PANTI PIJAT;0;2018
546;JAWA BARAT;KABUPATEN SUKABUMI;NIGHT CLUB;0;2018
547;JAWA BARAT;KABUPATEN SUKABUMI;PUB;0;2018
548;JAWA BARAT;KABUPATEN SUKABUMI;DISKOTIK;0;2018
549;JAWA BARAT;KABUPATEN SUKABUMI;KARAOKE/BAR;0;2018
